﻿<?xml version="1.0" encoding="utf-8"?><HelpTOCNode Title="JourneySorterAssembly.JourneyHelper" Url="html/10636c61-d1a0-4c6f-e429-3d4cbf80a651.htm"><HelpTOCNode Title="AirplaneBoardingJourneyCard Class" Url="html/10b81fb5-c204-1090-1c83-1055a2e356fd.htm" HasChildren="true" /><HelpTOCNode Title="AirplaneBoardingJourneyCardExtension Class" Url="html/2b7ea59e-d91a-f015-a19e-a6b526e3a945.htm" HasChildren="true" /><HelpTOCNode Title="BoardingJourneyCard Class" Url="html/e9431a76-40f2-ab8a-0e25-9b66b9f12079.htm" HasChildren="true" /><HelpTOCNode Title="BoardingJourneyCardOwner Class" Url="html/f4cf30c3-6fa2-a0fb-8c86-a6d94ca89120.htm" HasChildren="true" /><HelpTOCNode Title="BusBoardingJourneyCard Class" Url="html/9ca4d6c3-6611-874e-1410-1ab485f93ef2.htm" HasChildren="true" /><HelpTOCNode Title="BusBoardingJourneyCardExtension Class" Url="html/2479fa17-e585-1f21-abb1-f0b781416cd5.htm" HasChildren="true" /><HelpTOCNode Title="IBoardingJourneyCardExtension Interface" Url="html/5c4e750a-abdf-34bc-f34f-5ac023fdacf0.htm" HasChildren="true" /><HelpTOCNode Title="IJourneySorterTechnique Interface" Url="html/a0c9bbde-7c69-709a-40f9-72758e1b512c.htm" HasChildren="true" /><HelpTOCNode Title="Journey Class" Url="html/45f66e07-25a2-6e7e-ff46-1e5494da31a4.htm" HasChildren="true" /><HelpTOCNode Title="TechniqueNoStartNoEnd Class" Url="html/2fd36e92-7013-5dc4-9589-c92e67496a86.htm" HasChildren="true" /><HelpTOCNode Title="TrainBoardingJourneyCard Class" Url="html/1e03751a-88e0-5e3d-a8c2-b5dc4ce6db28.htm" HasChildren="true" /><HelpTOCNode Title="TrainBoardingJourneyCardExtension Class" Url="html/2c85f7f7-4984-33e3-7342-67c6c9b7d4fc.htm" HasChildren="true" /></HelpTOCNode>