﻿<?xml version="1.0" encoding="utf-8"?><HelpTOCNode Title="BoardingJourneyCard Fields" Url="html/4f5cf48b-7570-65ef-66d2-0450221f728d.htm"><HelpTOCNode Title="arrivalDate Field" Url="html/7d1fa318-b05b-1108-bc5a-9b8e5d5b78ef.htm" /><HelpTOCNode Title="denied Field" Url="html/6623d919-1ed7-f38b-e8d9-3ec0e364ab1d.htm" /><HelpTOCNode Title="departure Field" Url="html/a3216a9e-4005-b5bc-b14f-6333b96e57be.htm" /><HelpTOCNode Title="departureDate Field" Url="html/b4442b7b-5de4-52af-268c-5994c0e95de8.htm" /><HelpTOCNode Title="destination Field" Url="html/6de89199-f8f4-a2d6-a920-bee123904db9.htm" /><HelpTOCNode Title="id Field" Url="html/c35b5c6f-8abc-5d7e-b119-0aab8fc48048.htm" /><HelpTOCNode Title="owner Field" Url="html/d1079905-3004-ffb7-4d32-5d973a52da96.htm" /><HelpTOCNode Title="seat Field" Url="html/0760e9f9-c35b-c0ce-e270-35cbe77817ce.htm" /><HelpTOCNode Title="transport Field" Url="html/acca7c7b-a656-c4d4-c942-a20984d84822.htm" /><HelpTOCNode Title="transportProvider Field" Url="html/58bc504c-cd1f-732f-b02f-19d3ff0a2629.htm" /><HelpTOCNode Title="valid Field" Url="html/3a52dab1-2663-2147-bcfd-2b8a7ab7e517.htm" /></HelpTOCNode>