﻿<?xml version="1.0" encoding="utf-8"?><HelpTOCNode Title="BoardingJourneyCard Methods" Url="html/768aae75-0aed-f7ff-05d1-e6a7b4bce623.htm"><HelpTOCNode Title="GetArrivalDate Method " Url="html/a0487285-cca8-b283-eb86-afdfbdcabd6b.htm" /><HelpTOCNode Title="GetClient Method " Url="html/cab0a038-f104-a552-e7eb-6d391ee0ec1b.htm" /><HelpTOCNode Title="GetDenied Method " Url="html/c7a6c271-06da-bf8d-b54c-68a801168fc5.htm" /><HelpTOCNode Title="GetDeparture Method " Url="html/1974684d-80f2-fc7c-8f77-e27f25c6b6a7.htm" /><HelpTOCNode Title="GetDepartureDate Method " Url="html/403901b8-68b9-d260-ad1f-0c1fdc78c416.htm" /><HelpTOCNode Title="GetDestination Method " Url="html/2632cf7d-d6a8-e048-99bd-fad5db4bc962.htm" /><HelpTOCNode Title="Getid Method " Url="html/2afa753c-0c47-5602-c587-c5be2fe46c28.htm" /><HelpTOCNode Title="GetMoreInformation Method " Url="html/59d177e9-5238-ae00-3bf4-d4ad0aa63a27.htm" /><HelpTOCNode Title="GetSeat Method " Url="html/ebf63732-e688-127b-d744-5febe2cc9b52.htm" /><HelpTOCNode Title="GetTransport Method " Url="html/20e817e3-ec72-46f6-a6e0-698c66dc983d.htm" /><HelpTOCNode Title="GetTransportCompany Method " Url="html/00db5532-698c-4ddb-ca73-bb9ae6f9ca89.htm" /><HelpTOCNode Title="GetValid Method " Url="html/31734be3-de1a-6a4c-5c1c-a883afb476fa.htm" /><HelpTOCNode Title="SetArrivalDate Method " Url="html/db4588d6-f6cc-92de-c401-a24903a0bf0a.htm" /><HelpTOCNode Title="SetClient Method " Url="html/153347c5-ea04-caa3-69f4-f6084a8f3617.htm" /><HelpTOCNode Title="SetDenied Method " Url="html/f38be819-cbd4-1546-45e8-e87968d132ea.htm" /><HelpTOCNode Title="SetDeparture Method " Url="html/73dbe512-e879-f734-4dd9-0e67eea8c863.htm" /><HelpTOCNode Title="SetDepartureDate Method " Url="html/640f858f-78ce-59c2-09a4-3056f0b6526f.htm" /><HelpTOCNode Title="SetDestination Method " Url="html/f703388e-de09-70be-1fb1-0b391d5dddc4.htm" /><HelpTOCNode Title="SetId Method " Url="html/fd353294-2b10-c197-80dd-09db92f20534.htm" /><HelpTOCNode Title="SetSeat Method " Url="html/68de3dfa-29d8-733a-917a-9e77fc18c9f6.htm" /><HelpTOCNode Title="SetTransport Method " Url="html/0e170e92-f230-7d22-8ee7-0becaaff93a6.htm" /><HelpTOCNode Title="SetTransportCompany Method " Url="html/19109eca-0e24-1af1-eb21-58e5462f5ffa.htm" /><HelpTOCNode Title="SetValid Method " Url="html/eed568d8-d1e1-f43c-204d-2c192f8a56a3.htm" /></HelpTOCNode>