﻿<?xml version="1.0" encoding="utf-8"?><HelpTOCNode Title="JourneySorterAssembly.Transportation" Url="html/a189a9b8-9893-2bd9-d4e7-38b91bd87211.htm"><HelpTOCNode Title="AirbusMaker Class" Url="html/91d6022e-f157-babb-6990-452e94701152.htm" HasChildren="true" /><HelpTOCNode Title="Airplane Class" Url="html/3b3dad3a-5f86-867e-1fe0-68a37c9b60af.htm" HasChildren="true" /><HelpTOCNode Title="AirplaneProvider Class" Url="html/3c8dbb6f-2796-9080-7a95-9b3152b46271.htm" HasChildren="true" /><HelpTOCNode Title="Bus Class" Url="html/9cae5920-03cd-3ff9-58ca-f3fbda317d8b.htm" HasChildren="true" /><HelpTOCNode Title="BusProvider Class" Url="html/0712d786-b3e1-0bae-7621-e37722704a31.htm" HasChildren="true" /><HelpTOCNode Title="Maker Class" Url="html/16cd9ae4-c578-9368-6b0d-cac428e1688e.htm" HasChildren="true" /><HelpTOCNode Title="Train Class" Url="html/dd0f08d2-581e-4ea7-0eab-4b167e2c47ad.htm" HasChildren="true" /><HelpTOCNode Title="TrainProvider Class" Url="html/01b5e6d2-3c00-a19b-e4d3-350926e81289.htm" HasChildren="true" /><HelpTOCNode Title="Transport Class" Url="html/4f1c8207-3e6c-8b3e-58fa-39058ea887dd.htm" HasChildren="true" /><HelpTOCNode Title="TransportProvider Class" Url="html/0582e13d-dc93-797d-87a3-bf530e2794ba.htm" HasChildren="true" /></HelpTOCNode>