﻿<?xml version="1.0" encoding="utf-8"?><HelpTOCNode Title="Transport Methods" Url="html/dcf20ccd-21a2-53af-c18b-c6e46893d0cd.htm"><HelpTOCNode Title="DateOffRoad Method " Url="html/b3e768ba-653e-d4f5-3baf-56813a7bcd33.htm" /><HelpTOCNode Title="GetCapacity Method " Url="html/2f9c954c-3026-8a79-e771-5c63442e2f11.htm" /><HelpTOCNode Title="GetInUseDate Method " Url="html/c4b0f4da-47a8-8f4d-16ea-f3af751d68b8.htm" /><HelpTOCNode Title="GetMaker Method " Url="html/15d1a413-0355-cb4c-41b2-c6d5df856702.htm" /><HelpTOCNode Title="GetMoreInformation Method " Url="html/3200a06e-559f-36ca-bebc-4d71be5697cc.htm" /><HelpTOCNode Title="GetPurchaseDate Method " Url="html/1aba04f0-65fe-65b2-d698-375ac8b0aab7.htm" /><HelpTOCNode Title="GetTransportCompany Method " Url="html/87fb549c-4867-0080-9373-38ec48162495.htm" /><HelpTOCNode Title="GetTypeVehicle Method " Url="html/dd1783ad-9b7c-09b7-1669-e28b4f00a498.htm" /><HelpTOCNode Title="IsOutOfOrder Method " Url="html/afd832b4-42e7-02da-f568-4ca87ba9befa.htm" /><HelpTOCNode Title="SetCapacity Method " Url="html/d499128c-405d-d434-029e-12275edfdcc2.htm" /><HelpTOCNode Title="SetInUseDate Method " Url="html/d7d593b6-4027-8e56-fe9c-3e420e617e54.htm" /><HelpTOCNode Title="SetMaker Method " Url="html/4a945ae2-f893-74b5-f987-574159e7653f.htm" /><HelpTOCNode Title="SetPurchaseDate Method " Url="html/b6d1df26-b529-6d93-ed3e-f0ae04d64110.htm" /><HelpTOCNode Title="SetTransportCompany Method " Url="html/6deab7af-fcf2-185a-f73a-ab990d9c79fd.htm" /></HelpTOCNode>