﻿<?xml version="1.0" encoding="utf-8"?><HelpTOCNode Title="TransportProvider Methods" Url="html/e20a332b-09ab-1b8c-7b60-2ea5a597c2de.htm"><HelpTOCNode Title="GetCompanyName Method " Url="html/eb16179b-e702-cb73-d733-b68c6442486c.htm" /><HelpTOCNode Title="GetFoundationYear Method " Url="html/1a891c53-8c5b-704c-d2cd-877623271270.htm" /><HelpTOCNode Title="GetHeadQuarters Method " Url="html/065310c9-4522-096f-40d9-98068b67d97d.htm" /><HelpTOCNode Title="GetMoreInformation Method " Url="html/cfb9c553-d632-6e9e-2f60-d408ad51a08f.htm" /><HelpTOCNode Title="GetNumEmployees Method " Url="html/f9bba367-f720-8021-6abd-77f2a9334ea4.htm" /><HelpTOCNode Title="SetCompanyName Method " Url="html/12c62363-fc95-6288-d534-f7ff3a28fe3b.htm" /><HelpTOCNode Title="SetFoundationYear Method " Url="html/94547c90-75b3-b245-0226-98a6699aebf3.htm" /><HelpTOCNode Title="SetHeadQuarters Method " Url="html/649ade7f-9584-9f33-2bba-4d08ade7fb9b.htm" /><HelpTOCNode Title="SetNumEmployees Method " Url="html/c0bc2789-c822-2713-0efe-fb2c37ae9bb3.htm" /></HelpTOCNode>