﻿<?xml version="1.0" encoding="utf-8"?><HelpTOCNode Title="Location Methods" Url="html/f8b3395a-de84-0682-c351-1515168e6bc7.htm"><HelpTOCNode Title="GetCity Method " Url="html/6aa597f4-c059-8b4a-dc5e-622f68c539e4.htm" /><HelpTOCNode Title="GetCountry Method " Url="html/907514c2-21dc-5e38-035a-e6bbc8c2af02.htm" /><HelpTOCNode Title="Getid Method " Url="html/d62ecc38-1513-22fa-b53c-bca7740ac76b.htm" /><HelpTOCNode Title="GetLatitude Method " Url="html/ba501aeb-3f23-e3b8-ba97-869c9edbbc15.htm" /><HelpTOCNode Title="GetLongitude Method " Url="html/18a93ee9-4705-b102-99f3-3678dae96bf5.htm" /><HelpTOCNode Title="NearestPlaces Method " Url="html/ebcbd3c9-959d-e78a-ba70-eae611c83926.htm" /><HelpTOCNode Title="SetCity Method " Url="html/612c7f20-6943-3929-f3b9-f4f93d0c4559.htm" /><HelpTOCNode Title="SetCountry Method " Url="html/31d6d3c9-ef4e-39a1-2d73-408596e891c6.htm" /><HelpTOCNode Title="Setid Method " Url="html/0b797e8f-8635-a9a5-f21b-48226443c692.htm" /><HelpTOCNode Title="SetLatitude Method " Url="html/89db6087-4a95-33de-762a-b0128cda5c26.htm" /><HelpTOCNode Title="SetLongitude Method " Url="html/91e254d2-9bcd-0e53-7308-2ed1d8cbb451.htm" /></HelpTOCNode>