﻿<?xml version="1.0" encoding="utf-8"?>
<HelpTOC>

  <HelpTOCNode Id="213e1efe-ba47-47d6-8a77-6f0618d6e94b" Title="Namespaces" Url="html/c004540c-2838-8be3-b7aa-3e6e0302ebb6.htm">
    <HelpTOCNode Id="061b1ff7-50a2-433e-877a-247887c32c51" Title="JourneySorterAssembly" Url="html/09924c82-bfd5-6379-5dbc-8e8a5eac450f.htm">
      <HelpTOCNode Id="3613486a-4f73-493e-b098-76eb503c5150" Title="Constants Class" Url="html/ce8acfe9-2e69-d9cf-b254-d00c4bcec790.htm">
        <HelpTOCNode Title="Constants Constructor " Url="html/9c16712f-c0ee-4238-6d17-35d47928fa7f.htm" />
        <HelpTOCNode Id="d532cde9-10d5-4336-bf09-3b16e964a272" Title="Constants Fields" Url="html/742b93fb-3785-88be-2331-fe17640e9892.htm">
          <HelpTOCNode Title="LatesId Field" Url="html/97daf67a-b1c8-b729-388c-5937b509a240.htm" />
        </HelpTOCNode>
      </HelpTOCNode>
    </HelpTOCNode>
    <HelpTOCNode Id="5782de1e-f99a-4146-b936-3cb1d050163a" Title="JourneySorterAssembly.JourneyHelper" Url="html/10636c61-d1a0-4c6f-e429-3d4cbf80a651.htm">
      <HelpTOCNode Id="cd5695c2-e192-4f29-bc66-cab878d54d35" Title="AirplaneBoardingJourneyCard Class" Url="html/10b81fb5-c204-1090-1c83-1055a2e356fd.htm">
        <HelpTOCNode Id="a61b7b1f-3f06-4579-8a91-2dd1b7144047" Title="AirplaneBoardingJourneyCard Constructor " Url="html/a4ed6145-8c09-d133-3201-24410b6d316c.htm">
          <HelpTOCNode Title="AirplaneBoardingJourneyCard Constructor " Url="html/27c38bf4-78f7-7ee6-a532-1827ec4e952b.htm" />
          <HelpTOCNode Title="AirplaneBoardingJourneyCard Constructor (String, String, String)" Url="html/fccb5366-c075-e6b2-93b0-06a4d45d7648.htm" />
        </HelpTOCNode>
        <HelpTOCNode Id="5a35a1a9-010e-4eaa-bfa8-f479031b00c1" Title="AirplaneBoardingJourneyCard Fields" Url="html/5d3be86b-e731-3617-677c-a53dc925db87.htm">
          <HelpTOCNode Title="baggaGeticketCounter Field" Url="html/3f5f3634-4929-05bf-729b-91697125e23f.htm" />
          <HelpTOCNode Title="flightNumber Field" Url="html/666f3e60-8b9f-567d-c5b0-8af0947bcd1e.htm" />
          <HelpTOCNode Title="gate Field" Url="html/566007c0-23a0-287e-0666-24f76fc70172.htm" />
        </HelpTOCNode>
        <HelpTOCNode Id="b2f198c0-9e0f-4f3e-811c-74c8e430d4c6" Title="AirplaneBoardingJourneyCard Methods" Url="html/8e1ff101-5755-9a11-a87e-88df7999c343.htm">
          <HelpTOCNode Title="GetBaggaGeticketCounter Method " Url="html/c17ac165-6210-2ed5-8094-b761ea63e40e.htm" />
          <HelpTOCNode Title="GetFlightNumber Method " Url="html/ffa0a595-0c1a-593e-9f8a-b65c00850bbf.htm" />
          <HelpTOCNode Title="GetGate Method " Url="html/886aa4b0-35ff-6348-6c5f-7389b6bf9630.htm" />
          <HelpTOCNode Title="GetMoreInformation Method " Url="html/09bbf79b-3814-38f8-77c8-71da61015c47.htm" />
          <HelpTOCNode Title="SetBaggageTicketCounter Method " Url="html/8e087a47-7d33-78bc-5ca7-4874c42e913b.htm" />
          <HelpTOCNode Title="SetFlightNumber Method " Url="html/781f7006-ab12-8af5-0570-b96f49018e27.htm" />
          <HelpTOCNode Title="SetGate Method " Url="html/99c624a5-c7ff-1228-4ca8-6e2358f73738.htm" />
        </HelpTOCNode>
      </HelpTOCNode>
      <HelpTOCNode Id="09b8510c-1794-4c41-93bc-667cc924a726" Title="AirplaneBoardingJourneyCardExtension Class" Url="html/2b7ea59e-d91a-f015-a19e-a6b526e3a945.htm">
        <HelpTOCNode Title="AirplaneBoardingJourneyCardExtension Constructor " Url="html/672a2b57-89dc-dbb7-662d-af4964ead4bf.htm" />
        <HelpTOCNode Id="f8730f00-c29a-40fa-b6b7-e49e8c2c3403" Title="AirplaneBoardingJourneyCardExtension Methods" Url="html/6f832e81-1666-e307-16aa-ee0130da24b1.htm">
          <HelpTOCNode Title="CreateBoardingJourneyCard Method " Url="html/f6822a11-ba16-2ab0-b99a-4eec5a091a7b.htm" />
        </HelpTOCNode>
      </HelpTOCNode>
      <HelpTOCNode Id="a2b18681-4e06-4b2c-b3b0-bb18464fbb86" Title="BoardingJourneyCard Class" Url="html/e9431a76-40f2-ab8a-0e25-9b66b9f12079.htm">
        <HelpTOCNode Id="def7fb28-fcf8-4a6a-a50d-867dbb034371" Title="BoardingJourneyCard Constructor " Url="html/7c6e6ef8-5afd-4388-2d80-3d70faacef08.htm">
          <HelpTOCNode Title="BoardingJourneyCard Constructor " Url="html/28260974-3d4b-7312-1581-df9815743098.htm" />
          <HelpTOCNode Title="BoardingJourneyCard Constructor (String, String, DateTime, DateTime, BoardingJourneyCardOwner, TransportProvider)" Url="html/62032602-e559-e396-2199-39b8e904b5d9.htm" />
        </HelpTOCNode>
        <HelpTOCNode Id="e3865c0f-e775-4c8a-a19c-a0c7bbd31202" Title="BoardingJourneyCard Fields" Url="html/4f5cf48b-7570-65ef-66d2-0450221f728d.htm">
          <HelpTOCNode Title="arrivalDate Field" Url="html/7d1fa318-b05b-1108-bc5a-9b8e5d5b78ef.htm" />
          <HelpTOCNode Title="denied Field" Url="html/6623d919-1ed7-f38b-e8d9-3ec0e364ab1d.htm" />
          <HelpTOCNode Title="departure Field" Url="html/a3216a9e-4005-b5bc-b14f-6333b96e57be.htm" />
          <HelpTOCNode Title="departureDate Field" Url="html/b4442b7b-5de4-52af-268c-5994c0e95de8.htm" />
          <HelpTOCNode Title="destination Field" Url="html/6de89199-f8f4-a2d6-a920-bee123904db9.htm" />
          <HelpTOCNode Title="id Field" Url="html/c35b5c6f-8abc-5d7e-b119-0aab8fc48048.htm" />
          <HelpTOCNode Title="owner Field" Url="html/d1079905-3004-ffb7-4d32-5d973a52da96.htm" />
          <HelpTOCNode Title="seat Field" Url="html/0760e9f9-c35b-c0ce-e270-35cbe77817ce.htm" />
          <HelpTOCNode Title="transport Field" Url="html/acca7c7b-a656-c4d4-c942-a20984d84822.htm" />
          <HelpTOCNode Title="transportProvider Field" Url="html/58bc504c-cd1f-732f-b02f-19d3ff0a2629.htm" />
          <HelpTOCNode Title="valid Field" Url="html/3a52dab1-2663-2147-bcfd-2b8a7ab7e517.htm" />
        </HelpTOCNode>
        <HelpTOCNode Id="47a8418f-f71f-441c-a766-5156825b9b59" Title="BoardingJourneyCard Methods" Url="html/768aae75-0aed-f7ff-05d1-e6a7b4bce623.htm">
          <HelpTOCNode Title="GetArrivalDate Method " Url="html/a0487285-cca8-b283-eb86-afdfbdcabd6b.htm" />
          <HelpTOCNode Title="GetClient Method " Url="html/cab0a038-f104-a552-e7eb-6d391ee0ec1b.htm" />
          <HelpTOCNode Title="GetDenied Method " Url="html/c7a6c271-06da-bf8d-b54c-68a801168fc5.htm" />
          <HelpTOCNode Title="GetDeparture Method " Url="html/1974684d-80f2-fc7c-8f77-e27f25c6b6a7.htm" />
          <HelpTOCNode Title="GetDepartureDate Method " Url="html/403901b8-68b9-d260-ad1f-0c1fdc78c416.htm" />
          <HelpTOCNode Title="GetDestination Method " Url="html/2632cf7d-d6a8-e048-99bd-fad5db4bc962.htm" />
          <HelpTOCNode Title="Getid Method " Url="html/2afa753c-0c47-5602-c587-c5be2fe46c28.htm" />
          <HelpTOCNode Title="GetMoreInformation Method " Url="html/59d177e9-5238-ae00-3bf4-d4ad0aa63a27.htm" />
          <HelpTOCNode Title="GetSeat Method " Url="html/ebf63732-e688-127b-d744-5febe2cc9b52.htm" />
          <HelpTOCNode Title="GetTransport Method " Url="html/20e817e3-ec72-46f6-a6e0-698c66dc983d.htm" />
          <HelpTOCNode Title="GetTransportCompany Method " Url="html/00db5532-698c-4ddb-ca73-bb9ae6f9ca89.htm" />
          <HelpTOCNode Title="GetValid Method " Url="html/31734be3-de1a-6a4c-5c1c-a883afb476fa.htm" />
          <HelpTOCNode Title="SetArrivalDate Method " Url="html/db4588d6-f6cc-92de-c401-a24903a0bf0a.htm" />
          <HelpTOCNode Title="SetClient Method " Url="html/153347c5-ea04-caa3-69f4-f6084a8f3617.htm" />
          <HelpTOCNode Title="SetDenied Method " Url="html/f38be819-cbd4-1546-45e8-e87968d132ea.htm" />
          <HelpTOCNode Title="SetDeparture Method " Url="html/73dbe512-e879-f734-4dd9-0e67eea8c863.htm" />
          <HelpTOCNode Title="SetDepartureDate Method " Url="html/640f858f-78ce-59c2-09a4-3056f0b6526f.htm" />
          <HelpTOCNode Title="SetDestination Method " Url="html/f703388e-de09-70be-1fb1-0b391d5dddc4.htm" />
          <HelpTOCNode Title="SetId Method " Url="html/fd353294-2b10-c197-80dd-09db92f20534.htm" />
          <HelpTOCNode Title="SetSeat Method " Url="html/68de3dfa-29d8-733a-917a-9e77fc18c9f6.htm" />
          <HelpTOCNode Title="SetTransport Method " Url="html/0e170e92-f230-7d22-8ee7-0becaaff93a6.htm" />
          <HelpTOCNode Title="SetTransportCompany Method " Url="html/19109eca-0e24-1af1-eb21-58e5462f5ffa.htm" />
          <HelpTOCNode Title="SetValid Method " Url="html/eed568d8-d1e1-f43c-204d-2c192f8a56a3.htm" />
        </HelpTOCNode>
      </HelpTOCNode>
      <HelpTOCNode Id="46f492c2-f3c4-47d2-8a5c-7bbc3e3123a9" Title="BoardingJourneyCardOwner Class" Url="html/f4cf30c3-6fa2-a0fb-8c86-a6d94ca89120.htm">
        <HelpTOCNode Id="4a678dc1-d5fb-43f6-8273-67be28ca515c" Title="BoardingJourneyCardOwner Constructor " Url="html/06b7fd7c-bc3c-a597-04a8-eba8a1b83755.htm">
          <HelpTOCNode Title="BoardingJourneyCardOwner Constructor " Url="html/dd2f3044-cd5e-c8db-e730-a899b9b5e27c.htm" />
          <HelpTOCNode Title="BoardingJourneyCardOwner Constructor (String, String, Int32)" Url="html/3fb4ea09-2e72-ca91-758a-db9d1abed36f.htm" />
        </HelpTOCNode>
        <HelpTOCNode Id="92faab18-002b-43be-84d8-0da7524f725c" Title="BoardingJourneyCardOwner Fields" Url="html/83075485-59ac-a311-9163-0c4afe9bc76a.htm">
          <HelpTOCNode Title="age Field" Url="html/5e98925f-7650-1bc4-97b2-beb6de999cd8.htm" />
          <HelpTOCNode Title="firstName Field" Url="html/5e0c1fd0-e286-cbcf-1200-6315962d52d1.htm" />
          <HelpTOCNode Title="name Field" Url="html/265ff992-a523-bb69-b03f-42bae6866064.htm" />
        </HelpTOCNode>
        <HelpTOCNode Id="62de3e67-20f0-48c8-b14c-7720f109ea01" Title="BoardingJourneyCardOwner Methods" Url="html/1967a6e1-b6e0-9640-aafe-ee27f8790075.htm">
          <HelpTOCNode Title="GetAge Method " Url="html/5e378b92-45af-dd1b-1dd4-0c68d0f94db3.htm" />
          <HelpTOCNode Title="GetFirstName Method " Url="html/a6842b5f-d456-2dfc-0f26-f9a32fc11e54.htm" />
          <HelpTOCNode Title="GetName Method " Url="html/3b862b4d-8484-548c-50fe-582f17ec7b75.htm" />
          <HelpTOCNode Title="SetAge Method " Url="html/43c2c0b8-f700-464d-f1c7-9b34de28af59.htm" />
          <HelpTOCNode Title="SetFirstName Method " Url="html/c62bd75c-ebae-a1c2-12e9-e7ccd2bd1046.htm" />
          <HelpTOCNode Title="SetName Method " Url="html/a1184bd7-c574-8c7e-7649-93e18287398a.htm" />
        </HelpTOCNode>
      </HelpTOCNode>
      <HelpTOCNode Id="79dce62e-fc51-4d45-b31e-e50008408534" Title="BusBoardingJourneyCard Class" Url="html/9ca4d6c3-6611-874e-1410-1ab485f93ef2.htm">
        <HelpTOCNode Title="BusBoardingJourneyCard Constructor " Url="html/15b11d1c-2def-05f5-a6fe-6714acfd5798.htm" />
        <HelpTOCNode Title="BusBoardingJourneyCard Fields" Url="html/191fb830-476a-e133-3b3f-458dc8da33c9.htm" />
        <HelpTOCNode Id="56cd2745-d266-40e5-b81f-54080203f001" Title="BusBoardingJourneyCard Methods" Url="html/6115969b-29d2-55fb-cdb7-254429b7a22a.htm">
          <HelpTOCNode Title="GetMoreInformation Method " Url="html/11b7ea15-45ff-35c7-89d8-4ac5e03809f3.htm" />
        </HelpTOCNode>
      </HelpTOCNode>
      <HelpTOCNode Id="e3021bf4-7e65-4a41-a5dc-1630821b1bab" Title="BusBoardingJourneyCardExtension Class" Url="html/2479fa17-e585-1f21-abb1-f0b781416cd5.htm">
        <HelpTOCNode Title="BusBoardingJourneyCardExtension Constructor " Url="html/aba9f22c-7914-066f-5fa2-111823c7f148.htm" />
        <HelpTOCNode Id="d147a317-bb64-4a5c-b682-8c35dade69e3" Title="BusBoardingJourneyCardExtension Methods" Url="html/b4eabbae-0433-2c16-0a14-9ced15fca012.htm">
          <HelpTOCNode Title="CreateBoardingJourneyCard Method " Url="html/98ec1bd7-afea-a9ff-cbc8-856fe87dedd2.htm" />
        </HelpTOCNode>
      </HelpTOCNode>
      <HelpTOCNode Id="e9eba7c4-e5a5-4aa2-aca0-b3b66f5007ba" Title="IBoardingJourneyCardExtension Interface" Url="html/5c4e750a-abdf-34bc-f34f-5ac023fdacf0.htm">
        <HelpTOCNode Id="200214da-dfbd-4d80-987b-ba9b510cfb5f" Title="IBoardingJourneyCardExtension Methods" Url="html/57c20dfe-e085-d4fd-c6bf-490c4eb6a99d.htm">
          <HelpTOCNode Title="CreateBoardingJourneyCard Method " Url="html/f641e82c-3d6a-d4fe-d5e4-bc770a72b67c.htm" />
        </HelpTOCNode>
      </HelpTOCNode>
      <HelpTOCNode Id="8bff2b07-ef0c-49f6-8189-281199e3e13f" Title="IJourneySorterTechnique Interface" Url="html/a0c9bbde-7c69-709a-40f9-72758e1b512c.htm">
        <HelpTOCNode Id="3cc96305-10d9-4a50-b050-b0dba9b37b59" Title="IJourneySorterTechnique Methods" Url="html/103bb606-d4ba-2082-3136-6e3862bcc7a2.htm">
          <HelpTOCNode Title="SortJourney Method " Url="html/7e6f42a3-61b9-582e-4735-9b59ba8ab8f0.htm" />
        </HelpTOCNode>
      </HelpTOCNode>
      <HelpTOCNode Id="2e4bdce0-6cde-4fce-a673-0a6cd8195a8c" Title="Journey Class" Url="html/45f66e07-25a2-6e7e-ff46-1e5494da31a4.htm">
        <HelpTOCNode Title="Journey Constructor " Url="html/35049113-7418-a2b6-42a8-bdca0712a0d3.htm" />
        <HelpTOCNode Id="f5216e24-124d-4dad-9f85-66f265e157d2" Title="Journey Fields" Url="html/f12e1291-4387-5bad-1f0e-71150e55d939.htm">
          <HelpTOCNode Title="BoardingJourneyCards Field" Url="html/060edc71-7d20-5390-9836-6046e0b0c568.htm" />
          <HelpTOCNode Title="orderingTechnique Field" Url="html/a5344435-f1b8-b8a2-b024-731c555dfc4d.htm" />
        </HelpTOCNode>
        <HelpTOCNode Id="78af8221-f230-4f84-81d6-016e8e739e9b" Title="Journey Methods" Url="html/c4f02f81-ddf0-ff34-4175-ab3d687e328d.htm">
          <HelpTOCNode Title="GetMoreInformationFroTravel Method " Url="html/b757fe54-a8dd-4a97-3244-f8fa59bc1843.htm" />
          <HelpTOCNode Title="SetOrderingTravelTechnique Method " Url="html/2afcef7f-1c03-1cbb-6a56-75b694b1d03f.htm" />
          <HelpTOCNode Title="SortJourney Method " Url="html/1ad57830-7313-d4f9-b752-0f4a344dc657.htm" />
        </HelpTOCNode>
      </HelpTOCNode>
      <HelpTOCNode Id="80cc344c-2d1a-43c9-b096-9d0c4dc01a8e" Title="TechniqueNoStartNoEnd Class" Url="html/2fd36e92-7013-5dc4-9589-c92e67496a86.htm">
        <HelpTOCNode Title="TechniqueNoStartNoEnd Constructor " Url="html/fb532e67-8c0b-a533-186b-bf3918877c1b.htm" />
        <HelpTOCNode Id="1dbcf0de-fd51-486f-a1c1-0c0be1fe5161" Title="TechniqueNoStartNoEnd Fields" Url="html/f7382d0f-2a2a-15c1-0f2e-d833374b2b7c.htm">
          <HelpTOCNode Title="departuresCards Field" Url="html/a8fd1f3b-4b7a-b383-3801-ce3464b11293.htm" />
          <HelpTOCNode Title="destinationsCards Field" Url="html/bd31cd36-06a0-39cb-02de-1096ad86f3d1.htm" />
        </HelpTOCNode>
        <HelpTOCNode Id="378a6e9a-2192-409d-b4f7-b2739884be92" Title="TechniqueNoStartNoEnd Methods" Url="html/61224fff-42bc-1a52-b964-36d9ebb53294.htm">
          <HelpTOCNode Title="BuildDeparturesDestinationsTables Method " Url="html/45fe5813-244a-8366-bddf-9130943bbb43.htm" />
          <HelpTOCNode Title="GetInitialBoardingJourneyCard Method " Url="html/c9c3b450-1e80-b1f4-1ba4-956b3a0e1e21.htm" />
          <HelpTOCNode Title="SortBoardingJourneyCards Method " Url="html/5d034c0e-e188-14c6-f0d9-f35841d71d7f.htm" />
          <HelpTOCNode Title="SortJourney Method " Url="html/75647fe9-3d43-6239-6e03-1aceaa54c145.htm" />
        </HelpTOCNode>
      </HelpTOCNode>
      <HelpTOCNode Id="0c5f4e04-a648-4639-b859-71f743cd0921" Title="TrainBoardingJourneyCard Class" Url="html/1e03751a-88e0-5e3d-a8c2-b5dc4ce6db28.htm">
        <HelpTOCNode Title="TrainBoardingJourneyCard Constructor " Url="html/1d9cbf40-a450-638f-eb96-69040495b71a.htm" />
        <HelpTOCNode Title="TrainBoardingJourneyCard Fields" Url="html/21968fb0-6389-8e80-0892-b2b4f4aea5b7.htm" />
        <HelpTOCNode Id="4da5f19a-fc77-4578-8803-3d6d413dc022" Title="TrainBoardingJourneyCard Methods" Url="html/bf2ade59-376a-61ff-f7bd-f698a7a434de.htm">
          <HelpTOCNode Title="GetMoreInformation Method " Url="html/9fc27bfb-c2c7-f4f2-7238-60403a21c455.htm" />
        </HelpTOCNode>
      </HelpTOCNode>
      <HelpTOCNode Id="d97376f2-100e-46fe-82c7-ced53b3abbff" Title="TrainBoardingJourneyCardExtension Class" Url="html/2c85f7f7-4984-33e3-7342-67c6c9b7d4fc.htm">
        <HelpTOCNode Title="TrainBoardingJourneyCardExtension Constructor " Url="html/06020697-5a0b-a57e-1a6c-fddf890da350.htm" />
        <HelpTOCNode Id="22bc71a5-e489-483a-a3c9-7e373357f5f5" Title="TrainBoardingJourneyCardExtension Methods" Url="html/a3c9889e-ad46-d742-853d-d84c981c9356.htm">
          <HelpTOCNode Title="CreateBoardingJourneyCard Method " Url="html/ca19dae0-1a27-d5f1-2a7c-ca843eec8c89.htm" />
        </HelpTOCNode>
      </HelpTOCNode>
    </HelpTOCNode>
    <HelpTOCNode Id="6ffca5da-e8a4-4875-86e5-fed7ccac1bde" Title="JourneySorterAssembly.Locator" Url="html/a80cdb34-5088-b044-a4a3-34689265b3fb.htm">
      <HelpTOCNode Id="7cd8ed0e-b80e-4531-9cd5-032c30390f89" Title="Location Class" Url="html/1398f449-d37e-fc45-c9d7-d41992dbe08e.htm">
        <HelpTOCNode Id="4efc0162-810b-420a-b369-c7f379dcb8d0" Title="Location Constructor " Url="html/5904a759-7769-08de-9c50-9bd15967c3ef.htm">
          <HelpTOCNode Title="Location Constructor " Url="html/f6ee84de-5146-66bf-210b-79598e87ac5f.htm" />
          <HelpTOCNode Title="Location Constructor (String, String, String)" Url="html/baa391ec-48ec-7eb1-d369-2a0c14f159e9.htm" />
          <HelpTOCNode Title="Location Constructor (String, String, String, Double, Double)" Url="html/5b9a98f6-8317-a296-d659-f03ff3632326.htm" />
        </HelpTOCNode>
        <HelpTOCNode Id="8ddcf62e-5a48-4e9d-a845-4e8dc75d3524" Title="Location Fields" Url="html/5097d824-314e-abfb-3eea-0b6f190c9746.htm">
          <HelpTOCNode Title="city Field" Url="html/958f316d-0123-a8a6-a3a6-02f869ff4f44.htm" />
          <HelpTOCNode Title="country Field" Url="html/60bbbb00-ad08-67e6-36be-f8134bb1811e.htm" />
          <HelpTOCNode Title="id Field" Url="html/90227f4d-5408-1c41-2912-800118e4e286.htm" />
          <HelpTOCNode Title="latitude Field" Url="html/dd62ca75-1322-be1e-736c-a6bddd397413.htm" />
          <HelpTOCNode Title="longitude Field" Url="html/cb9e48ba-6638-e87a-944d-9a0278b823b4.htm" />
        </HelpTOCNode>
        <HelpTOCNode Id="1f04c632-d0f3-41e7-acde-c880becbd83e" Title="Location Methods" Url="html/f8b3395a-de84-0682-c351-1515168e6bc7.htm">
          <HelpTOCNode Title="GetCity Method " Url="html/6aa597f4-c059-8b4a-dc5e-622f68c539e4.htm" />
          <HelpTOCNode Title="GetCountry Method " Url="html/907514c2-21dc-5e38-035a-e6bbc8c2af02.htm" />
          <HelpTOCNode Title="Getid Method " Url="html/d62ecc38-1513-22fa-b53c-bca7740ac76b.htm" />
          <HelpTOCNode Title="GetLatitude Method " Url="html/ba501aeb-3f23-e3b8-ba97-869c9edbbc15.htm" />
          <HelpTOCNode Title="GetLongitude Method " Url="html/18a93ee9-4705-b102-99f3-3678dae96bf5.htm" />
          <HelpTOCNode Title="NearestPlaces Method " Url="html/ebcbd3c9-959d-e78a-ba70-eae611c83926.htm" />
          <HelpTOCNode Title="SetCity Method " Url="html/612c7f20-6943-3929-f3b9-f4f93d0c4559.htm" />
          <HelpTOCNode Title="SetCountry Method " Url="html/31d6d3c9-ef4e-39a1-2d73-408596e891c6.htm" />
          <HelpTOCNode Title="Setid Method " Url="html/0b797e8f-8635-a9a5-f21b-48226443c692.htm" />
          <HelpTOCNode Title="SetLatitude Method " Url="html/89db6087-4a95-33de-762a-b0128cda5c26.htm" />
          <HelpTOCNode Title="SetLongitude Method " Url="html/91e254d2-9bcd-0e53-7308-2ed1d8cbb451.htm" />
        </HelpTOCNode>
      </HelpTOCNode>
    </HelpTOCNode>
    <HelpTOCNode Id="6ec2985d-ee17-4322-a48e-52e84daf8842" Title="JourneySorterAssembly.Transportation" Url="html/a189a9b8-9893-2bd9-d4e7-38b91bd87211.htm">
      <HelpTOCNode Id="e2b0b802-c904-40cb-a30f-5177f88a3d4e" Title="AirbusMaker Class" Url="html/91d6022e-f157-babb-6990-452e94701152.htm">
        <HelpTOCNode Title="AirbusMaker Constructor " Url="html/2635c819-d79b-1262-4dfd-af48c2ffe0e1.htm" />
        <HelpTOCNode Title="AirbusMaker Fields" Url="html/80fd0e93-5202-bb56-5f5e-ece06341d637.htm" />
        <HelpTOCNode Id="6c560985-61ff-4873-83d9-1229f62227dd" Title="AirbusMaker Methods" Url="html/d52cff34-20bd-1c9f-55a9-5c670703145a.htm">
          <HelpTOCNode Title="GetVehiclesByYear Method " Url="html/8aa5bf73-a26d-a632-f088-8696ddac40c8.htm" />
        </HelpTOCNode>
      </HelpTOCNode>
      <HelpTOCNode Id="b1b81bcc-6660-4b67-89f8-496e38e2f1a9" Title="Airplane Class" Url="html/3b3dad3a-5f86-867e-1fe0-68a37c9b60af.htm">
        <HelpTOCNode Title="Airplane Constructor " Url="html/249c1218-3e65-1959-6f31-42bee55ee4b7.htm" />
        <HelpTOCNode Title="Airplane Fields" Url="html/e49a73a5-7e9f-cb33-d4f8-1df1b6221519.htm" />
        <HelpTOCNode Id="53a34ebb-391c-4458-9819-f111ceeccef0" Title="Airplane Methods" Url="html/425d4baf-eca9-58e0-f521-867d9971b481.htm">
          <HelpTOCNode Title="DateOffRoad Method " Url="html/7b4fd61d-a0ac-c94b-a263-a99d600c4d78.htm" />
          <HelpTOCNode Title="GetTypeVehicle Method " Url="html/c10079ed-b9b3-ca1f-767d-6abc8dc96cb0.htm" />
          <HelpTOCNode Title="IsOutOfOrder Method " Url="html/ae067f81-cdeb-5fea-7ea8-79da429f3d87.htm" />
        </HelpTOCNode>
      </HelpTOCNode>
      <HelpTOCNode Id="55f16534-7cf8-4a2d-a090-9a4da1a946e5" Title="AirplaneProvider Class" Url="html/3c8dbb6f-2796-9080-7a95-9b3152b46271.htm">
        <HelpTOCNode Title="AirplaneProvider Constructor " Url="html/25ddb0cc-d4be-6704-7fb9-754290cf8a6d.htm" />
        <HelpTOCNode Title="AirplaneProvider Fields" Url="html/16423480-7a11-1251-cbd4-ad78a0fcf206.htm" />
        <HelpTOCNode Title="AirplaneProvider Methods" Url="html/2235ef5d-0723-8654-800b-09d3532f9db9.htm" />
      </HelpTOCNode>
      <HelpTOCNode Id="4301cada-6612-4871-9734-7823b14f823c" Title="Bus Class" Url="html/9cae5920-03cd-3ff9-58ca-f3fbda317d8b.htm">
        <HelpTOCNode Title="Bus Constructor " Url="html/5a56cd24-cb9b-e21b-6e5a-6dc9f9ef08cf.htm" />
        <HelpTOCNode Title="Bus Fields" Url="html/059c095d-b428-ac66-1d80-56fc0d08cfe9.htm" />
        <HelpTOCNode Id="c7bcf299-9a93-41d1-8232-b4bb469d4735" Title="Bus Methods" Url="html/f0213a45-811e-21b3-cd2c-4f68b15b9fd9.htm">
          <HelpTOCNode Title="DateOffRoad Method " Url="html/26a579b9-4446-c094-0f26-1cfaecf2dbe1.htm" />
          <HelpTOCNode Title="GetTypeVehicle Method " Url="html/7d441cc9-c63f-912e-3998-808f8d39bc30.htm" />
          <HelpTOCNode Title="IsOutOfOrder Method " Url="html/3062fc1a-1108-3b2c-b7b7-4cd450a12aad.htm" />
        </HelpTOCNode>
      </HelpTOCNode>
      <HelpTOCNode Id="d7e70a28-bc21-44e7-b3e2-cbfbca889639" Title="BusProvider Class" Url="html/0712d786-b3e1-0bae-7621-e37722704a31.htm">
        <HelpTOCNode Title="BusProvider Constructor " Url="html/81f8c743-e78b-c627-8aa7-a48cc612bb77.htm" />
        <HelpTOCNode Title="BusProvider Fields" Url="html/0c911be1-bdc7-7991-7436-b53c31be3960.htm" />
        <HelpTOCNode Title="BusProvider Methods" Url="html/f1afce0b-68fb-6275-1757-df1a4e77f949.htm" />
      </HelpTOCNode>
      <HelpTOCNode Id="cadfadbb-b723-4f14-aadf-8adbf975c3b3" Title="Maker Class" Url="html/16cd9ae4-c578-9368-6b0d-cac428e1688e.htm">
        <HelpTOCNode Id="91f78b1e-a866-47c2-a9fd-23862e409ea1" Title="Maker Constructor " Url="html/6d15595a-36ab-e315-98cf-bfd407a6ffab.htm">
          <HelpTOCNode Title="Maker Constructor " Url="html/83b954e3-6209-f707-f17f-9fc875cf134b.htm" />
          <HelpTOCNode Title="Maker Constructor (String, Location)" Url="html/f9ce3e30-59bf-1de3-4e8a-e1691977a887.htm" />
        </HelpTOCNode>
        <HelpTOCNode Id="aa2caeff-9023-4f36-99d9-acabe87e517d" Title="Maker Fields" Url="html/8f851d4a-e905-1ad2-d922-6f9f2f351fbf.htm">
          <HelpTOCNode Title="headquarters Field" Url="html/08c1565c-c91b-cf9a-316a-b471651b5b27.htm" />
          <HelpTOCNode Title="name Field" Url="html/a108c61e-2caf-bb08-5c29-cdccc89bd9d5.htm" />
        </HelpTOCNode>
        <HelpTOCNode Id="97facbd3-6eb9-4514-aeac-a912b11b9365" Title="Maker Methods" Url="html/8ae243b0-44af-1e19-e0c7-c572b1f54517.htm">
          <HelpTOCNode Title="GetHeadquarters Method " Url="html/f5e3d16f-47f2-8e7b-5a32-68d497d39101.htm" />
          <HelpTOCNode Title="GetName Method " Url="html/3d0a963d-ab73-97d3-1d79-59b2a042dbc6.htm" />
          <HelpTOCNode Title="GetVehiclesByYear Method " Url="html/bf5432ca-557f-0f17-3481-042188f2df5d.htm" />
          <HelpTOCNode Title="SetHeadquarters Method " Url="html/85774748-5335-9629-90c4-a4f88689d174.htm" />
          <HelpTOCNode Title="SetName Method " Url="html/3097ab8a-cb39-0dde-0e97-34bae80ae10b.htm" />
        </HelpTOCNode>
      </HelpTOCNode>
      <HelpTOCNode Id="33faa51b-d334-49b6-aea9-35b7aa47fb2f" Title="Train Class" Url="html/dd0f08d2-581e-4ea7-0eab-4b167e2c47ad.htm">
        <HelpTOCNode Title="Train Constructor " Url="html/2c1e6ca4-39e0-3308-dee5-65407580fd2d.htm" />
        <HelpTOCNode Id="4cecde6b-5785-42dc-accd-801aa3691518" Title="Train Fields" Url="html/240d9af6-0c23-df8d-2feb-9f3b369b4d6f.htm">
          <HelpTOCNode Title="trainNumber Field" Url="html/2220adf3-0fba-70bd-90b5-a14cb0895f6d.htm" />
        </HelpTOCNode>
        <HelpTOCNode Id="d78edcda-65a7-435b-8e48-09b8a5756c70" Title="Train Methods" Url="html/6ebf10bc-f51f-8482-8167-0500bcbec75c.htm">
          <HelpTOCNode Title="DateOffRoad Method " Url="html/8ef2ee67-e576-0d07-638f-6181f5a2a934.htm" />
          <HelpTOCNode Title="GetTrainNumber Method " Url="html/e74019fe-b2c2-b256-fcca-8d6631ef0a1b.htm" />
          <HelpTOCNode Title="GetTypeVehicle Method " Url="html/81fca5bc-e3cc-df85-8ca5-a3ddba51a31f.htm" />
          <HelpTOCNode Title="IsOutOfOrder Method " Url="html/8b48b6a1-4e67-9ea9-3cc3-a3aea05f4358.htm" />
          <HelpTOCNode Title="SetTrainNumber Method " Url="html/0a0f22d6-41db-5b3c-98f3-7693a41cb218.htm" />
        </HelpTOCNode>
      </HelpTOCNode>
      <HelpTOCNode Id="e8399150-0dcb-44d2-a80e-b4f9f3ea7d3f" Title="TrainProvider Class" Url="html/01b5e6d2-3c00-a19b-e4d3-350926e81289.htm">
        <HelpTOCNode Title="TrainProvider Constructor " Url="html/9d518ede-5d63-f562-5371-7bb81c71560a.htm" />
        <HelpTOCNode Title="TrainProvider Fields" Url="html/4010558a-4dbe-7c8c-a0a3-ac0e9fed60d1.htm" />
        <HelpTOCNode Title="TrainProvider Methods" Url="html/ab908e03-4e74-daac-344d-a4a27a23c33f.htm" />
      </HelpTOCNode>
      <HelpTOCNode Id="88aa96d4-035b-4198-a5bc-39108c8d751f" Title="Transport Class" Url="html/4f1c8207-3e6c-8b3e-58fa-39058ea887dd.htm">
        <HelpTOCNode Id="a58a2a00-fc0b-45f2-972c-25e8984d95e2" Title="Transport Constructor " Url="html/299bba80-ecac-27d7-9d57-572336645a12.htm">
          <HelpTOCNode Title="Transport Constructor " Url="html/c5089388-d52b-53e5-236c-9b3e56e7912f.htm" />
          <HelpTOCNode Title="Transport Constructor (TransportProvider, Int32, Maker, DateTime, DateTime)" Url="html/f5c713ca-351e-013f-9249-f2b3508162de.htm" />
        </HelpTOCNode>
        <HelpTOCNode Id="d385d12e-3d31-475d-aeeb-9a4ab3bbd2f8" Title="Transport Fields" Url="html/225906cb-5305-08d3-997a-794a353e2d98.htm">
          <HelpTOCNode Title="capacity Field" Url="html/16a80651-b675-3d43-352c-7c92bd64fa4e.htm" />
          <HelpTOCNode Title="inUseDate Field" Url="html/8e33d87e-b65b-1764-48f3-d8a890172b46.htm" />
          <HelpTOCNode Title="maker Field" Url="html/a7f46648-3210-58da-770d-2b6f6ed912ee.htm" />
          <HelpTOCNode Title="purchaseDate Field" Url="html/facc2956-423f-6220-7b2d-7ba4c33514c9.htm" />
          <HelpTOCNode Title="transportCompany Field" Url="html/70d90aac-036f-cce8-7e01-a92de0303c61.htm" />
        </HelpTOCNode>
        <HelpTOCNode Id="2f27bb66-00fa-4068-a99d-0640460f215d" Title="Transport Methods" Url="html/dcf20ccd-21a2-53af-c18b-c6e46893d0cd.htm">
          <HelpTOCNode Title="DateOffRoad Method " Url="html/b3e768ba-653e-d4f5-3baf-56813a7bcd33.htm" />
          <HelpTOCNode Title="GetCapacity Method " Url="html/2f9c954c-3026-8a79-e771-5c63442e2f11.htm" />
          <HelpTOCNode Title="GetInUseDate Method " Url="html/c4b0f4da-47a8-8f4d-16ea-f3af751d68b8.htm" />
          <HelpTOCNode Title="GetMaker Method " Url="html/15d1a413-0355-cb4c-41b2-c6d5df856702.htm" />
          <HelpTOCNode Title="GetMoreInformation Method " Url="html/3200a06e-559f-36ca-bebc-4d71be5697cc.htm" />
          <HelpTOCNode Title="GetPurchaseDate Method " Url="html/1aba04f0-65fe-65b2-d698-375ac8b0aab7.htm" />
          <HelpTOCNode Title="GetTransportCompany Method " Url="html/87fb549c-4867-0080-9373-38ec48162495.htm" />
          <HelpTOCNode Title="GetTypeVehicle Method " Url="html/dd1783ad-9b7c-09b7-1669-e28b4f00a498.htm" />
          <HelpTOCNode Title="IsOutOfOrder Method " Url="html/afd832b4-42e7-02da-f568-4ca87ba9befa.htm" />
          <HelpTOCNode Title="SetCapacity Method " Url="html/d499128c-405d-d434-029e-12275edfdcc2.htm" />
          <HelpTOCNode Title="SetInUseDate Method " Url="html/d7d593b6-4027-8e56-fe9c-3e420e617e54.htm" />
          <HelpTOCNode Title="SetMaker Method " Url="html/4a945ae2-f893-74b5-f987-574159e7653f.htm" />
          <HelpTOCNode Title="SetPurchaseDate Method " Url="html/b6d1df26-b529-6d93-ed3e-f0ae04d64110.htm" />
          <HelpTOCNode Title="SetTransportCompany Method " Url="html/6deab7af-fcf2-185a-f73a-ab990d9c79fd.htm" />
        </HelpTOCNode>
      </HelpTOCNode>
      <HelpTOCNode Id="08db5240-1616-4c13-ba44-b1337034a7c7" Title="TransportProvider Class" Url="html/0582e13d-dc93-797d-87a3-bf530e2794ba.htm">
        <HelpTOCNode Id="cdf36059-634e-4e9d-b276-836d6e4ca7d4" Title="TransportProvider Constructor " Url="html/593d3105-27cf-2ca1-13f1-598b409f3271.htm">
          <HelpTOCNode Title="TransportProvider Constructor " Url="html/0d5b54a2-619e-649b-ef7a-95340ba65585.htm" />
          <HelpTOCNode Title="TransportProvider Constructor (String, DateTime, Int32, Location)" Url="html/bcefbfde-4716-c92e-59b0-a08a01f98d6d.htm" />
        </HelpTOCNode>
        <HelpTOCNode Id="22d4f754-557e-4c59-a6b2-e1332f924cfb" Title="TransportProvider Fields" Url="html/e736055c-05b7-f573-a4ab-e4e3d1d29460.htm">
          <HelpTOCNode Title="foundationYear Field" Url="html/6c581cf1-55e0-345f-7190-7c915b791953.htm" />
          <HelpTOCNode Title="headquarters Field" Url="html/5d0fc41a-cdb4-db1c-2203-6f96c8c58ccd.htm" />
          <HelpTOCNode Title="nameCompany Field" Url="html/165b4770-d133-64f0-436b-0d4de9414eb9.htm" />
          <HelpTOCNode Title="numOfEmployees Field" Url="html/8015cbe2-9b0b-b995-7e56-da166c60b7bd.htm" />
        </HelpTOCNode>
        <HelpTOCNode Id="4f17967d-32e6-493e-9d6e-388904a06605" Title="TransportProvider Methods" Url="html/e20a332b-09ab-1b8c-7b60-2ea5a597c2de.htm">
          <HelpTOCNode Title="GetCompanyName Method " Url="html/eb16179b-e702-cb73-d733-b68c6442486c.htm" />
          <HelpTOCNode Title="GetFoundationYear Method " Url="html/1a891c53-8c5b-704c-d2cd-877623271270.htm" />
          <HelpTOCNode Title="GetHeadQuarters Method " Url="html/065310c9-4522-096f-40d9-98068b67d97d.htm" />
          <HelpTOCNode Title="GetMoreInformation Method " Url="html/cfb9c553-d632-6e9e-2f60-d408ad51a08f.htm" />
          <HelpTOCNode Title="GetNumEmployees Method " Url="html/f9bba367-f720-8021-6abd-77f2a9334ea4.htm" />
          <HelpTOCNode Title="SetCompanyName Method " Url="html/12c62363-fc95-6288-d534-f7ff3a28fe3b.htm" />
          <HelpTOCNode Title="SetFoundationYear Method " Url="html/94547c90-75b3-b245-0226-98a6699aebf3.htm" />
          <HelpTOCNode Title="SetHeadQuarters Method " Url="html/649ade7f-9584-9f33-2bba-4d08ade7fb9b.htm" />
          <HelpTOCNode Title="SetNumEmployees Method " Url="html/c0bc2789-c822-2713-0efe-fb2c37ae9bb3.htm" />
        </HelpTOCNode>
      </HelpTOCNode>
    </HelpTOCNode>
  </HelpTOCNode>
</HelpTOC>
